-- phpMyAdmin SQL Dump
-- version 5.2.0
-- https://www.phpmyadmin.net/
--
-- Host: localhost:3306
-- Generation Time: Jan 19, 2023 at 06:08 PM
-- Server version: 10.4.27-MariaDB
-- PHP Version: 8.2.0

SET SQL_MODE = "NO_AUTO_VALUE_ON_ZERO";
START TRANSACTION;
SET time_zone = "+00:00";


/*!40101 SET @OLD_CHARACTER_SET_CLIENT=@@CHARACTER_SET_CLIENT */;
/*!40101 SET @OLD_CHARACTER_SET_RESULTS=@@CHARACTER_SET_RESULTS */;
/*!40101 SET @OLD_COLLATION_CONNECTION=@@COLLATION_CONNECTION */;
/*!40101 SET NAMES utf8mb4 */;

--
-- Database: `libsystem`
--

-- --------------------------------------------------------

--
-- Table structure for table `admin`
--

CREATE TABLE `admin` (
  `id` int(11) NOT NULL,
  `username` varchar(30) NOT NULL,
  `password` varchar(60) NOT NULL,
  `firstname` varchar(30) NOT NULL,
  `lastname` varchar(30) NOT NULL,
  `photo` varchar(200) NOT NULL,
  `created_on` date NOT NULL
) ENGINE=InnoDB DEFAULT CHARSET=latin1 COLLATE=latin1_swedish_ci;

--
-- Dumping data for table `admin`
--

INSERT INTO `admin` (`id`, `username`, `password`, `firstname`, `lastname`, `photo`, `created_on`) VALUES
(1, 'ADMIN', '$2y$10$zIBQxix2mIIzOahSeEAKFeJ8J9lBnmrkQV4eSJB8dz5MZlzINg1um', 'JSS LIB', 'ADMIN', 'jsss.png', '2018-05-03');

-- --------------------------------------------------------

--
-- Table structure for table `books`
--

CREATE TABLE `books` (
  `id` int(11) NOT NULL,
  `isbn` varchar(20) NOT NULL,
  `category_id` int(11) NOT NULL,
  `title` text NOT NULL,
  `author` varchar(150) NOT NULL,
  `publisher` varchar(150) NOT NULL,
  `publish_date` date NOT NULL,
  `status` int(1) NOT NULL
) ENGINE=InnoDB DEFAULT CHARSET=latin1 COLLATE=latin1_swedish_ci;

--
-- Dumping data for table `books`
--

INSERT INTO `books` (`id`, `isbn`, `category_id`, `title`, `author`, `publisher`, `publish_date`, `status`) VALUES
(4, '0021', 5, 'Effective C++', 'Scott Meyers', 'Hoobstank Publishers', '2020-06-03', 1),
(5, '01', 1, 'Software Engineering', 'Ian Sommerville', 'Jacobs Publisher', '2018-05-07', 1),
(6, '002', 5, 'Python Cookbook', 'Brain K.JOnes', 'Jacobs Publisher', '2020-06-01', 0),
(7, '005', 1, 'Machinery Handbook', 'Erik Oberg', 'Jacobs Publisher', '2019-04-03', 1),
(8, '555', 3, 'A Brief History of Time', 'Stephen Hawkings', 'Jacobs Publisher', '2011-06-09', 1),
(9, '123', 5, 'Java 2', 'Herbert ', 'Demo Publisher', '2009-05-15', 0);

-- --------------------------------------------------------

--
-- Table structure for table `borrow`
--

CREATE TABLE `borrow` (
  `id` int(11) NOT NULL,
  `student_id` int(11) NOT NULL,
  `book_id` int(11) NOT NULL,
  `date_borrow` date NOT NULL,
  `status` int(1) NOT NULL
) ENGINE=InnoDB DEFAULT CHARSET=latin1 COLLATE=latin1_swedish_ci;

--
-- Dumping data for table `borrow`
--

INSERT INTO `borrow` (`id`, `student_id`, `book_id`, `date_borrow`, `status`) VALUES
(17, 3, 1, '2021-05-04', 0),
(18, 3, 2, '2021-05-04', 1),
(19, 5, 3, '2021-06-26', 0),
(23, 6, 7, '2021-06-26', 0),
(24, 6, 4, '2021-06-26', 0);

--
-- Triggers `borrow`
--
DELIMITER $$
CREATE TRIGGER `upstatus` AFTER INSERT ON `borrow` FOR EACH ROW BEGIN
 UPDATE books set status= 0 ;
 END
$$
DELIMITER ;

-- --------------------------------------------------------

--
-- Table structure for table `category`
--

CREATE TABLE `category` (
  `id` int(11) NOT NULL,
  `name` varchar(100) NOT NULL
) ENGINE=InnoDB DEFAULT CHARSET=latin1 COLLATE=latin1_swedish_ci;

--
-- Dumping data for table `category`
--

INSERT INTO `category` (`id`, `name`) VALUES
(1, 'Engineering'),
(2, 'Mathematics'),
(3, 'Science and Technology'),
(4, 'History'),
(5, 'IT Programming');

-- --------------------------------------------------------

--
-- Table structure for table `course`
--

CREATE TABLE `course` (
  `id` int(11) NOT NULL,
  `title` text NOT NULL,
  `code` varchar(15) NOT NULL
) ENGINE=InnoDB DEFAULT CHARSET=latin1 COLLATE=latin1_swedish_ci;

--
-- Dumping data for table `course`
--

INSERT INTO `course` (`id`, `title`, `code`) VALUES
(1, 'Information Science Engineering', 'ISE'),
(2, 'Computer Science Engineering', 'CSE'),
(3, 'Electronics And Communication Engineering', 'ECE');

-- --------------------------------------------------------

--
-- Table structure for table `returns`
--

CREATE TABLE `returns` (
  `id` int(11) NOT NULL,
  `student_id` int(11) NOT NULL,
  `book_id` int(11) NOT NULL,
  `date_return` date NOT NULL
) ENGINE=InnoDB DEFAULT CHARSET=latin1 COLLATE=latin1_swedish_ci;

--
-- Dumping data for table `returns`
--

INSERT INTO `returns` (`id`, `student_id`, `book_id`, `date_return`) VALUES
(3, 3, 2, '2021-05-04'),
(4, 3, 2, '2021-05-04'),
(5, 6, 4, '2021-06-26');

--
-- Triggers `returns`
--
DELIMITER $$
CREATE TRIGGER `downstatus` AFTER INSERT ON `returns` FOR EACH ROW BEGIN
 UPDATE books set status= 1 ;
 END
$$
DELIMITER ;


-- --------------------------------------------------------

--
-- Table structure for table `students`
--

CREATE TABLE `students` (
  `id` int(11) NOT NULL,
  `student_id` varchar(15) NOT NULL,
  `firstname` varchar(50) NOT NULL,
  `lastname` varchar(50) NOT NULL,
  `photo` varchar(200) NOT NULL,
  `course_id` int(11) NOT NULL,
  `created_on` date NOT NULL
) ENGINE=InnoDB DEFAULT CHARSET=latin1 COLLATE=latin1_swedish_ci;

--
-- Dumping data for table `students`
--

INSERT INTO `students` (`id`, `student_id`, `firstname`, `lastname`, `photo`, `course_id`, `created_on`) VALUES
(3, '1JS21IS001', 'Kavita', 'K', '', 1, '2021-05-04'),
(4, '1JS21IS002', 'Karan', 'C', '', 2, '2021-05-04'),
(5, '1JS21IS030', 'Bharath', 'G', '', 1, '2021-06-26'),
(6, '1JS21CS015', 'Suresh', 'M', '', 1, '2021-06-26');

--
-- Indexes for dumped tables
--

--
-- Indexes for table `admin`
--
ALTER TABLE `admin`
  ADD PRIMARY KEY (`id`);

--
-- Indexes for table `books`
--
ALTER TABLE `books`
  ADD PRIMARY KEY (`id`,`category_id`),
  ADD KEY `category_id` (`category_id`);

--
-- Indexes for table `borrow`
--
ALTER TABLE `borrow`
  ADD PRIMARY KEY (`id`,`book_id`,`student_id`),
  ADD KEY `student_id` (`student_id`);

--
-- Indexes for table `category`
--
ALTER TABLE `category`
  ADD PRIMARY KEY (`id`);

--
-- Indexes for table `course`
--
ALTER TABLE `course`
  ADD PRIMARY KEY (`id`);

--
-- Indexes for table `returns`
--
ALTER TABLE `returns`
  ADD PRIMARY KEY (`id`,`book_id`,`student_id`),
  ADD KEY `student_id` (`student_id`);

--
-- Indexes for table `students`
--
ALTER TABLE `students`
  ADD PRIMARY KEY (`id`,`course_id`),
  ADD KEY `course_id` (`course_id`);

--
-- AUTO_INCREMENT for dumped tables
--

--
-- AUTO_INCREMENT for table `admin`
--
ALTER TABLE `admin`
  MODIFY `id` int(11) NOT NULL AUTO_INCREMENT, AUTO_INCREMENT=2;

--
-- AUTO_INCREMENT for table `books`
--
ALTER TABLE `books`
  MODIFY `id` int(11) NOT NULL AUTO_INCREMENT, AUTO_INCREMENT=10;

--
-- AUTO_INCREMENT for table `borrow`
--
ALTER TABLE `borrow`
  MODIFY `id` int(11) NOT NULL AUTO_INCREMENT, AUTO_INCREMENT=25;

--
-- AUTO_INCREMENT for table `category`
--
ALTER TABLE `category`
  MODIFY `id` int(11) NOT NULL AUTO_INCREMENT, AUTO_INCREMENT=6;

--
-- AUTO_INCREMENT for table `course`
--
ALTER TABLE `course`
  MODIFY `id` int(11) NOT NULL AUTO_INCREMENT, AUTO_INCREMENT=4;

--
-- AUTO_INCREMENT for table `returns`
--
ALTER TABLE `returns`
  MODIFY `id` int(11) NOT NULL AUTO_INCREMENT, AUTO_INCREMENT=6;

--
-- AUTO_INCREMENT for table `students`
--
ALTER TABLE `students`
  MODIFY `id` int(11) NOT NULL AUTO_INCREMENT, AUTO_INCREMENT=7;

--
-- Constraints for dumped tables
--

--
-- Constraints for table `books`
--
ALTER TABLE `books`
  ADD CONSTRAINT `books_ibfk_1` FOREIGN KEY (`category_id`) REFERENCES `category` (`id`) ON DELETE CASCADE ON UPDATE CASCADE;

--
-- Constraints for table `borrow`
--
ALTER TABLE `borrow`
  ADD CONSTRAINT `borrow_ibfk_1` FOREIGN KEY (`student_id`) REFERENCES `students` (`id`) ON DELETE CASCADE ON UPDATE CASCADE;

--
-- Constraints for table `returns`
--
ALTER TABLE `returns`
  ADD CONSTRAINT `returns_ibfk_1` FOREIGN KEY (`student_id`) REFERENCES `students` (`id`) ON DELETE CASCADE ON UPDATE CASCADE;

--
-- Constraints for table `students`
--
ALTER TABLE `students`
  ADD CONSTRAINT `students_ibfk_1` FOREIGN KEY (`course_id`) REFERENCES `course` (`id`) ON DELETE CASCADE ON UPDATE CASCADE;
COMMIT;

/*!40101 SET CHARACTER_SET_CLIENT=@OLD_CHARACTER_SET_CLIENT */;
/*!40101 SET CHARACTER_SET_RESULTS=@OLD_CHARACTER_SET_RESULTS */;
/*!40101 SET COLLATION_CONNECTION=@OLD_COLLATION_CONNECTION */;
